Travel Tourism,Travel and Tourism Site for Vermont 
,See historical snapshot at: http://web.archive.org/web/20080120044716/http://www.1800arkansas.com/  
Department Education,"2-1-1 VIRGINIA is a service of the Virginia Department of Social Services provided in partnership with the Council of Community Services, the Family Resource and Referral Center, The Planning Council, the United Way of Central Virginia, and the United Way of Greater Richmond and Petersburg. "
Department Education,"2-1-1 VIRGINIA is a service of the Virginia Department of Social Services provided in partnership with the Council of Community Services, the Family Resource and Referral Center, The Planning Council, the United Way of Central Virginia, and the United Way of Greater Richmond and Petersburg. "
,4th Judicial District Attorney 
State Board,"511 NY (New York State Department of Transportation), the free, official one-stop, all-encompassing telephone and Web service offering  information on transportation services and conditions throughout New York State.  "
State Board,State of Idaho (mirror website of www.idaho.gov) 
University Extension,Alabama Cooperative Extension System 
University Extension,New Mexico Cooperative Extension Publications 
,Pennsylvania Adoption Exchange 
Public Health,Alabama Department of Public Health 
University Extension,University of Massachusetts Center for Agriculture Research and Extension 
University Extension,Texas A&M AgriLife Extension 
,Alabama Housing Finance Authority 
,Alaska Housing Finance Corporation 
Economic Development,Alaska Industrial Development and Export Authority 
Department Education,Alaska's Department of Military and Veterans Affairs Division of Homeland Security and Emergency Management 
State Board,Alaska Aerospace Corporation (Board of directors appointed by Alaska governor) 
,Alaska Energy Authority 
Public Health,Alaska Public Broadcasting Commission 
,Alaska Railroad Corporation 
Travel Tourism,Travel and Tourism Site for Alabama 
National Guard,Alabama National Guard Counterdrug Program 
,Alabama Film Office 
State Board,"Alabama's Legal Information Center, Alabama Supreme Court and State Law Library Catalog -¬†catalog.alalinc.net and 2.alalinc.net "
,Alaska Railroad Corporation 
,Alaska Seafood Marketing Institute 
Board Examiners,Alabama State Board of Medical Examiners (an administrative and regulatory agency of the state of Alabama) and the Medical Licensure Commission of Alabama 
,Alabama Board of Pharmacy 
State Board,Alabama State Department of Education 
Tourism Site,Travel and Tourism Site for American Samoa 
,"Amtrak Cascades, a train service sponsored by the state departments of transportation of Washington and Oregon. "
,Agency for Persons with Disabilities (APD) 
,Alaska Permanent Fund Corporation 
Public Health,Arkansas Public Service Commission 
Public Health,ARBenefitsfor Arkansas State and Public School Plan MembersProvided by the Employee Benefit Division of the [Arkansas] Department of Finance & Administration 
State Board,Arkansas Fire Protection Licensing Board 
,Arkansas National Guard 
Travel Tourism,Travel and Tourism Site for Arizona 
,Arizona lottery 
,"Arizona's Workforce Connection!, a website of the Governor's Council on Workforce Policy developed to provide easy access to the workforce development system in Arizona. "
Department Education,"Arkansas History Commission, a division of the Arkansas Department of Parks and Tourism "
Travel Tourism,Travel and Tourism Site for Arkansas 
,Arkansas Children's Trust Fund 
,Arkansas Department of Education 
Economic Development,Arkansas Economic Development Coorporation (AEDC) 
,Arkansas Ethics Commission 
Department Education,"ARKids First health insurance, Arkansas Department of Human Services "
,Arkansas Livestock and Poultry Commission 
State Board,Arkansas State Medical Board 
State Board,Arkansas State Board of Optometry 
State Board,Arkansas State Board of Physical Therapy 
State Board,Arkansas State Board of Collection Agencies 
State Board,"Alabama State Port Authority, Mobile, AL "
,American Samoa Territorial Energy Office 
Public Health,New York State Public Service Commission‚Äôs Consumer Web Site 
State Board,"California State Assembly Democratic Caucus, State of California "
,Assistive Technology Loan Fund Authority. The authority offers low interest loans for a variety of special equipment to eligible applicants. See the establishing law at http://law.lis.virginia.gov/authorities/assistive-technology-loan-fund-authority-atlfa  
Board Examiners,Arizona Board of Behavioral Health Examiners 
,Arizona Commerce Authority 
State Board,Arizona State Board of Dental Examiners 
,Arizona State Parks 
Department Education,"USS North Carolina Battleship, North Carolina Department of Cultural Resources "
,"Village of Baxter Estates, Port Washington, NY "
State Board,North Carolina Board of Massage & Bodywork Therapy 
,NC museum of natural sciences  
,State of Connecticut Bonds 
National Guard,"California Humanities is an independent non-profit partner of the National Endowment for the Humanities,  nthat promotes the humanities in California in order to help create &ldquo;a state of open mind.' "
,"CaliforniaVolunteers, the state office that manages programs and initiatives aimed at increasing the number of Californians engaged in service and volunteering "
State Board,CA State Independent Living Counsel advocates for persons with disabilities to enable them to live independently. n  
State Board,California State Teachers Retirement System 
,Nebraska State Capitol 
State Board,"Caswell Developmental Center, NC Division of State Operated Healthcare Facilities "
Public Health,"California Environmental Health Tracking Program, California Department of Public Health "
University Extension,Univ of Kentucky Extension website 
State Board,"Hawaii-Pacific Area Combined Federal Campaign - geographic area includes the State of Hawaii, Guam, Northern Marianas Islands, and American Samoa "
,"Tristate CFC, Indiana "
,"College Foundation of North Carolina, a¬†service of the State¬†of North Carolina "
,"Chesapeake Bay Program, Restoration of the Chesapeake Bay http://www.chesapeakebay.net "
Public Health,Pennsylvania's Children's Health Insurance Program (CHIP) 
Economic Development,Maryland Department of Business and Economic Development 
,Connecticut Historical SocietyMuseum and Library 
,"statesville, nc "
,"Clemson Univ, Sc "
,Arkansas Commission on Law Enforcement Standards and Training 
Department Education,"Coliseum Boulevard Plume (CBP), an area in Montgomery, Alabama, where the groundwater 10-50 feet below land surface contains trichloroethylene (TCE).  Investigation, management, and cleanup of the groundwater is being conducted by the https://www.dot.state.al.us/ Alabama Department of Transportation (ALDOT). "
Travel Tourism,Travel and Tourism Site for Colorado 
,Colorado lottery 
Public Health,"Colorado No Call program. A private company, Data Protection Group, operates this site under contract with the Colorado Public Utilities Commission. "
,"Upper Colorado River Endangered Fish Recovery Program, U.S. Fish and Wildlife Service "
,North Carolina DOT Complete Streets 
Department Education,"Correction Enterprises, North Carolina Department of Public Safety "
State Board,Louisiana Crawfish Promotion and Research Board (LCPRB) 
,Georgia Superior Courts 
State Board,Connecticut State Treasury Unclaimed Property Owners List 
University Extension,"Center for Technology at the University at Albany, State University of New York "
,Connecticut lottery 
,Connecticut State Library 
Travel Tourism,Travel and Tourism Site for Connecticut 
,Clean Water Management Trust Fund  
,IL Secretary of State 
,Delaware National Guard 
Department Education,"Division of Employment Security (DES), NC Department of Commerce (NCC) "
,"Massachusetts JobQuest, Massachusetts Deparment of Career Services "
State Board,"About the Digital Maine Repository The Digital Maine Repository is one of several services of the Maine State Library to facilitate digitization of - and enhanced access to - collections related to Maine history, genealogy, culture and government. The repository was designed to host a variety of media including books, images, maps and documents, as well as audio and video collections.  "
Travel Tourism,Travel and Tourism Site for Ohio 
Travel Tourism,Travel and Tourism Site for South Carolina 
Department Education,Virginia Department of Motor Vehicles 
Department Education,American Samoa Department of Education 
,NC Dept of Revenue 
Department Education,"Driving95 Corridor Planning and Finance Study website, North Carolina Department of Transportation (NCDOT) "
National Guard,Wisconsin National Guard Drug Control Program 
,myeatsmartmovemore.com is the 'consumer' site and eatsmartmovemorenc.com is the 'program' site. 
State Board,Educational Communications Board of WI 
State Board,"Environmental Hearing Board, State of Pennsylvania "
Public Health,Environmental Health Officer Professional Advisory Committee 
State Board,Virginia Office of the State Long-Term Care Ombudsman 
University Extension,Washington State University ExtensionEnergy Program 
,"The Energy Section in the Division of Energy, Mineral and Land Resources  "
,Illinois Office of Tourism 
,environmental help website of NC 
,Nebraska Environmental Trust 
,This is a site of the east-west gateway Council of Government in the bi-state St. Louis area. 
,Executive Action Team (EXACT) Multilateral Working Group on Water Resources 
Travel Tourism,Travel and tourism site for Washington State 
Travel Tourism,Travel and Tourism Site for Georgia 
Travel Tourism,Travel and tourism site for state of Minnesota hosted by Explore Minnesota Tourism 
,Virginia Cooperative Extension  
State Board,Washington State University Extension 
University Extension,West Virginia University Extension Service 
State Board,Iowa State University Extension 
,University of Illinois Extension 
University Extension,New Mexico Cooperative Extension Service 
University Extension,Oregon State University Extension Service 
,Penn State Extension 
University Extension,Purdue (Indiana) Cooperative Extension 
University Extension,University of Delaware Cooperative Extension Service 
,Univ of Maine extension 
,University of Minnesota Extension 
,Univ of NH 
University Extension,University of Nebraska&ndash;Lincoln Extension 
State Board,Utah State University extension 
State Board,OK State Family & Consumer website 
,"The Florida Commission on the Status of Women - The Florida Commission on the Status of Women is a nonpartisan board, statutorily created in 1991, consisting of 22 appointed members. The Commission is administratively housed in the Office of the Attorney General. "
,SC film industry 
,Pennsylvania Fish and Boat Commission (PFBC) 
,Florida lottery 
,"Florida Courts - The mission of the judicial branch is to protect rights and liberties, uphold and interpret the law, and provide for the peaceful resolution of disputes. "
,Florida Department of Education 
,Florida Governor's Office 
,"Florida Office of Financial Regulation - Key Function: provides regulatory oversight for Florida's financial services providers.  Mission: to protect the citizens of Florida, promote a safe and sound financial marketplace, and contribute to the growth of Florida's economy with smart, efficient and effective regulation of the financial services industry. "
,Florida Office of Insurance Regulation - To promote a stable and competitive insurance market for consumers. 
National Guard,Florida National Guard Counterdrug.  n   Florida Counterdrup Program - Under this authority our office provides oversight of the FLARNG and FLANG Substance Abuse Prevention Programs.      
,Florida Fish and Wildlife Conservation Commission 
,Florida re-districting website.  House Speaker Will Weatherford and Senate President Don Gaetz called a special session from August 7-15 to amend Congressional Districts 5 and 10 consistent with the Final Judgment issued by the circuit court in Romo v. Detzner and to make conforming changes to districts that are a direct result of the changes to Congressional Districts 5 and 10. 
Public Health,"Florida Environmental Public Health Tracking, Florida Department of Health This web portal was supported by Cooperative Agreement Number 5U38EH000941 from the Centers for Disease Control and Prevention. Its contents are solely the responsibility of the authors (FL Tracking Team) and do not necessarily represent the official views of the Centers for Disease Control and Prevention. "
,"The state of Florida's Unclaimed Property, Florida Treasure Hunt. "
,"Florida Water Permiting Portal This portal provides links to information about water resource permitting in Florida, and links to DEP and the water management districts to: n Apply for permits and other authorizations, including: n Environmental Resource Permits * (and authorizations to use state-owned submerged lands, where applicable) Consumptive and Water Use Permits Well Construction Permits Works of the District Permits    "
Department Education,Florida Department of Agriculture and Consumer Services 
National Guard,National Government of the Federated States of Micronesia 
,Georgia National Guard 
State Board,State of Georgia Department of Education 
,Georgia lottery 
,GA Do Not Call List. GA Dept of Law. Consumer Protection Unit.  
State Board,Georgia State Defense Force 
State Board,Georgia State Defense Force public beta domain. Crosslinked with gasdf.us email domain.
State Board,Georgia State Defense Force email domain. Referenced on https://directory.doas.ga.gov/. Not in use as a public website.
Department Education,"GEAR UP Mississippi operates as part of the Institutions of Higher Learning, Office of Academic and Student Affairs in collaboration with the Mississippi Department of Education, State Board for Community and Junior Colleges and community and national partners. Funding is provided by the United States Department of Education. "
National Guard,Lousiana National Guard 
,New Mexico Bureau of Geology & Mineral Resources 
,The Georgia Civil War Commission 
,The Georgia Fiscal Management Council    
,Georgia Trust (Preservation Committee) 
,Governor's Office of Homeland Security and Emergency Preparedness 
,Oregon Student Access Commission 
National Guard,Ga National Fair Grounds and Agricenter 
,Georgia Commission on Dispute Resolution 
Travel Tourism,"Hawaii Tourism Authority, Travel and Tourism Site for Hawaii "
,Pennsylvania Fish and Boat Commission's Outdoor Shop 
Department Education,"Got to Be NC Agriculture, Goodness Grows in NC, North Carolina Department of Agriculture & Consumer Services "
Department Education,"Got To Be NC Festival, a production of the NC Department of Agriculture "
,Consumer Protection Division of the Arkansas Attorney General's Office 
,"Office of the Governor and Lt. Governor, Commonwealth of the Northern Mariana Islands plus *.gov.mp pattern for other government websites "
,"*.gov.pr pattern for several Puerto Rican government agencies, such as https://www.google.com/#q=site:gov.pr  "
,*.gov.vi pattern for Virgin Island government sites 
Department Education,"Virginia Correctional Enterprises, a Department of Corrections work program to produce goods and services for agencies of the Commonwealth of Virginia  "
,"Governor Phil Bryant (Mississippi's 64th governor, 2012-) "
,Governor Morehead School for the Blind 
State Board,"Office of Group Benefits, State of Louisiana "
,Georgia Student Finance Commission 
,Guam Attorney General 
,Guam Legislature 
Department Education,Guam Department of Revenue and Taxation 
,Official site of the Washington Dairy Products Commission 
State Board,Hawaii State Department of Education 
,"Village of Hoffman Estates, IL "
,Minnesota House of Representatives 
,Historical Society of New Mexico 
State Board,Michigan State Humanities and Social Services Online 
Economic Development,High Technology Development Corporation. HTDC 'is a state agency established by the Hawaii State Legislature in 1983 to facilitate the development and growth of Hawaii's commercial high technology industry.' 
,NC health and Wellness Trust fund 
,Iowa Lottery 
University Extension,University of Nebraska - Lincoln Extension publications 
National Guard,Idaho Army National Guard 
,Idaho Lottery 
,IDeal - Idaho College Savings Program 
,"Benefits Portal, http://www.in.gov/fssa/ Indiana Family and Social Services Administration "
State Board,Office of the Illinois State Treasurer 
,Illinois Lottery 
Travel Tourism,Travel and Tourism Site for New York 
Public Health,"Inclusive Health, North Carolina Health Insurance Risk Pool, Inc. "
,Innovate Washington is hereby created as a state agency exercising public and essential governmental functions. Innovate Washington is created as the successor to the Washington technology center and the Spokane intercollegiate research and technology institute (SIRTI). See http://apps.leg.wa.gov/RCW/default.aspx?cite=43.333&full=true  
Economic Development,Guam Economic Development Authority (GEDA) web site. GEDA is an autonomous agency of the Government of Guam and a Guam public corporation. 
,Montana Board of Investments 
Economic Development,Iowa Economic Development Authority 
,"Iowa Tribe of Oklahoma, Perkins, OK "
,Iowa National Guard 
,Iowa State Fair 
Public Health,"The North Carolina Division of Public Health, Injury and Violence Prevention Branch, Youth Suicide Prevention Program works in collaboration with The North Carolina Youth Suicide Prevention Task Force to address youth suicide prevention in North Carolina. "
,new jersey history site 
State Board,Julian F. Keith Alcohol and Drug Abuse Treatment Center. JFK ADATC operates under the authority of the State of North Carolina through the Division of State Operated Healthcare Facilities 
Department Education,Jobs4Jersey. NJ Department of Labor and Workforce Development. 
,"Unified Courts of Guam, Guam Judiciary - www.justice.gov.gu "
,"Justice Administration Commission - The Justice Administrative Commission (JAC), created in 1965, provides administrative services on behalf of 49 judicial related entities. "
,Kentucky Academic Advising Association 
,Kansas Highway Patrol 
,kentucky center 
,Kentucky National Guard 
, kentucky housing corp 
,Kentucky State Police 
Travel Tourism,Travel and Tourism Site for Kentucky 
Department Education,Kentucky Higher Education Assistance Authority 
,Ky legislature 
State Board,Kansas State Board of Healing Arts 
State Board,Kansas State Board of Nursing 
,Kansas Judicial Branch 
,Kansas Department of Transportation 
,Kansas Historical Society 
,Kansas State Legislature 
,Kansas Lottery 
,Kansas Department of Revenue 
State Board,"Office of the Secretary of State, State of Kansas "
,Kentucky Department of Agriculture 
,ky convention center  
Department Education,Kentucky Education Professional Standards Board 
,KY expo center 
,Kentucky Lottery 
,KY Treasury 
Board Examiners,LA Board of Examiners of Nursing Facility Administrators 
State Board,Louisiana Board of Massage Therapy 
,Louisiana Board of Pharmacy 
Board Examiners,Louisiana State Board of Social Work Examiners 
State Board, Louisiana State Board of Chiropractic Examiners 
,The Council of Information Services Directors for Louisiana 
Board Examiners,Louisiana Board of Examiners of Certified Shorthand Reporters 
,Louisiana Developmental Disabilities Council 
Department Education,"Louisiana Egg Commission, Louisiana Department of Agriculture & Forestry  "
State Board,Louisiana Auctioneers Licensing Board 
State Board,Louisiana Professional Engineering and Land Surveying Board 
State Board,Louisiana Physical Therapy Board 
,Louisiana Supreme Court 
State Board,Louisiana State Board of Architectural Examiners 
,Louisiana Workforce Commission (LAWorks) 
Board Examiners,Louisiana Board of Examiners in Dietetics and Nutrition  
,Louisiana board of speech language pathology 
,Legislature of the Virgin Islands 
,League of Kansas Municipalities 
Department Education,"South Carolina Department of Labor, Licensing and Regulation "
,"League of Minnesota Cities Per the 'About the League' section of their website, LMC is 'a membership organization dedicated to promoting excellence in local government.'  "
,Loter√É¬≠a Electr√É¬≥nica de Puerto Rico 
Economic Development,Louisiana Community Development Authority 
,Louisiana Lottery Corporation 
State Board,"Louisiana Seafood Board. In 1984, the State of Louisiana created the Louisiana Seafood Promotion & Marketing Board. For more information see https://www.legis.la.gov/legis/BoardMembers.aspx?boardId=355. "
,Louisiana Tax Free Shopping Commission 
Travel Tourism,Travel and Tourism Site for Louisiana 
State Board,Licensed Professional Counselors Board of Examiners 
,Police Jury Association of Louisiana 
State Board,LLPVRC Board of Examiners 
State Board,Louisiana State Board of Examiners of Psychologists   
State Board,Louisiana State Board of Examiners for Sanitarians 
Board Examiners,Louisiana State Board of Examiners of Interior Designers 
State Board,Louisiana Board of Massage Therapy 
Board Examiners,Louisiana State Board of Private Investigator Examiners 
,LOUISIANA STATE BOARD OF PRACTICAL NURSE EXAMINERS 
State Board,Louisiana Board of Veterinary Medicine 
State Board,Louisiana Board of Drug and Device Distributors 
,LSU Ag Center 
,League of Wisconsin Municipalities 
,maine history 
,maine state housing authority 
State Board,Maine State Lottery - www.mainelottery.com 
,maine turnpike authority 
,Comptroller of Maryland 
,Mass budget & policy Center 
,Ma cultural Council 
,Mass historical society 
State Board,Massachuetts State Lottery 
Travel Tourism,Travel and Tourism Site for Massachusetts 
,"Montana Bureau of Mines and Geology, a nonregulatory state agency "
Department Education,"Maryland 511 Traveller Information, Maryland Department of Transportation "
,maine development foundation 
Department Education,Maryland Department of Housing and Community Development 
State Board,"Maryland Kids Page, Office of the Secretary of State "
,Maryland Lottery 
,Maryland Stadium Authority 
Department Education,"Mississippi Department of Wildlife, Fisheries, and Parks "
,Municipal Employees' Retirement System 
Department Education,"Montana Guaranteed Student Loan Program (MGSLP), a program within the Office of the Commissioner of Higher Education "
Public Health,Alaska Mental Health Trust Authority 
Public Health,Alaska Mental Health Trust Land Office 
Travel Tourism,Travel and Tourism Site for Michigan 
,michigan humanities council 
,Michigan Lottery 
State Board,Michigan State Park and Harbor Reservations  
,Michigan Lottery Connect (Blog) 
,Michigan National Guard 
National Guard,Minnesota National Guard URL must have 'www' to resolve  
,Mississippi Development Authority 
State Board,Campgrounds and Camping at Mississippi State Parks 
,"Missouri Center for the Books, an affiliate of the national Center for the Book in the Library of Congress, which was established by law in 1977 to strengthen and celebrate the vital role of books, reading, and libraries in the cultural life of the nation. "
University Extension,"MissouriFamilies is produced by the College of Human Environmental Sciences, Extension Division, University of Missouri "
,"Minnesota Association of Watershed Districts, Inc. Per the 'What is MAWD?' section of their website, 'the Minnesota Association of Watershed Districts provides educational opportunities, information and training for watershed district managers and staff through yearly tours, meetings and quarterly newsletters.' "
,Missouri National Guard 
,Missouri Lottery 
State Board,The Alabama State Treasury's official website for unclaimed property searches 
Travel Tourism,"Montana Kids, an official state site of the http://visitmt.com/ Montana Office of Tourism. "
,Montana Lottery 
State Board,"Montana State Fund, created by the state legislature in 1990 to create a fair and equitable system of workers' compensation insurance. "
State Board,Mountain State Combined Federal Campaign 
,"Mississippi Industries for the Blind, a state agency of Mississippi "
State Board,Mississippi State Board of Contractors 
,Mississippi Athletic Commission 
State Board,Maryland State Commission on Criminal Sentencing Policy 
,Mississippi Emergency Management Agency 
,Mississippi Home Corporation 
State Board,Mississippi State University Extension 
State Board,Michigan State University Extension 
State Board,Montana State University Extension 
Department Education,"Montana Facility Finance Authority, MT Department of Commerce "
Department Education,"Montana Finance Information Center, MT Department of Commerce "
,Arkansas Scholarship Lottery 
State Board,The official state portal of the State of Florida 
Department Education,Florida Department of Financial Services 
,Florida Office of the Attorney General 
Public Health,Developed by the Florida Attorney General and the Agency for Health Care Administration (AHCA) to help consumers shop for the lowest price in their area for their prescription drugs. 
,Florida Fish and Wildlife Conservation Commission 
Tourism Site,Travel and Tourism Site for the Northern Mariana Islands 
National Guard,"National Archives and Records Management Unit, Government of the Virgin Islands "
,NC Museum of Natural Sciences 
,NC Council on Developmental Disabilities 
,North Carolina Education Lottery 
State Board,NC State Construction Office 
,North Carolina Alcoholic Beverage Control Commission 
Economic Development,NC Agriculture Development & Farmland Preservation Trust Fund 
Department Education,"Multi-Hazard Threat Database, Emergency Programs Division, North Carolina Department of Agriculture and Consumer Services "
,North Carolina Division of Air Quality 
,The North Carolina Auctioneers board 
,NC Court System  
,NC appraisal board 
Public Health,NC Triangle Public Access TV n  n  
,NC Aquariums 
,NC Museum of Art 
,North Carolina Arts Council 
Department Education,"NC Assistive technology Program - Receives grant funding under Public Law 108-364  through the Rehabilitation Services Administration, U.S. Department of Education, and is administered by the N.C. Department of Health and Human Services, Division of Vocational Rehabilitation Services "
State Board,NC Office of the State Auditor 
,North Carolina Board of Architecture 
Board Examiners,NC Board of Athletic Trainers Examiners 
,North Carolina Board of Dietetics/Nutrition   
Board Examiners,NC Board of Examiners of electrical contractors 
Board Examiners,NC Board of Examiners for engineers and surveyors 
State Board,NC Board of Nursing Homes Administrators 
State Board,NC Board of Funeral Services 
State Board,NC Board of Law Examiners 
State Board,The North Carolina Board for the Licensing of Geologists  
State Board,The North Carolina Board of Licensed Professional Counselors 
,The North Carolina Soil Scientist Licensing Program 
Board Examiners,NC Board of Examiners for Speech Language and Pathologist & Audiologist n  
State Board,Welcome to the NC Board of Landscape Architects 
,NC Board of Nursing 
,NC Board of Pharmacy 
State Board,The North Carolina Board of Occupational Therapy 
State Board,The Board of Podiatry Examiners for the State of North Carolina  
,NC Waste Management 
,nc business court 
,NC School bus Safety 
Department Education,"Rail Division, North Carolina Department of Transportation "
State Board,North Carolina Social Work Certification and Licensure Board 
,"The North Carolina Center for Global Logistics is a collaborative effort between community colleges, universities, and industry partners focused on developing a highly trained workforce for the logistics and supply chain industry. "
,NC Child Support Enforcement 
State Board,North Carolina Board of Chiropractic Examiners 
Department Education,"North Carolina Civil War Sesquicentennial, North Carolina Department of Cultural Resources "
,NC Division of Coastal Management 
National Guard,"NC Coastal Reserve and National Estuarine Research Reserve, NC DEQ "
,North Carolina Office of the Commissioner of Banks (NCCOB) 
,North Carolina Department of Commerce 
,nc court system 
Public Health,NC Dept of Public Safety 
Department Education,N.C. Department of Environment and Natural Resources 
State Board,North Carolina State Board of Dental Examiners 
,"This site is a tool for North Carolina citizens and providers to reduce the impact of diabetes through leadership, education, communication and community involvement. "
,"The NC Helping Neighbors Fund is managed by the Governor's Office, in partnership with United Way of North Carolina. Donations are tax deductible; 100% of donated funds will go to the states impacted by Hurricane Sandy. "
Department Education," Juvenile Justice section of the N.C. Department of Public Safety, Division of Adult Correction and Juvenile Justice.  "
,"Division of Marine Fisheries, NC DENR "
,NC Marine Fisheries Commission Store 
Public Health,NC Division of Non Public Education 
,North Carolina Department of Insurance 
,Dept of Justice 
,North Carolina Drought Management Advisory Council 
,NC DENR's Division of Waste Management 
,The North Carolina Office of EMS 
State Board,The North Carolina Forest Service operates a system of six Educational State Forests (ESFs) designed to teach the public - especially school children - about the forest environment. 
,"Facility Management Division, NC DOA "
,"North Carolina Farm Fresh is a directory of pick-your-own farms, roadside farm markets, and farmers markets throughout North Carolina. It is designed to help the consumer, find the freshest locally grown fruits, vegetables, christmas trees, ornamental plants, flowers, and herbs. "
Department Education,"NC Farm to School program, North Carolina Department of Agriculture and Consumer Services "
Public Health,"North Carolina Farmworker Health Program (NCFHP), a statewide Migrant Health Voucher Program within the Office of Rural Health "
,NC Film Office 
,"Firewise North Carolina,¬†North Carolina Forest Service "
,Division of Marine Fisheries  
,NC flood risk information system 
,NC Foreclosure Prevention Fund 
,"North Carolina Forest Action Plan, North Carolina Forest Service "
,North Carolina Forest Action Plan See historical snapshot at: http://web.archive.org/web/20140517174935/http://ncforestassessment.com/  
,NC Fresh Produce Information site 
,State of North Carolina 
Department Education,"Governor's School of North Carolina, NC Department of Public Instruction "
,The North Carolina Global TransPark 
,NC hearing Aid Dealers 
Public Health,NC Health & Human Services 
,NC Healthy School Website 
,NC Housing Finance Agency  
State Board,North Carolina Home Inspetor Licensure Board 
,NC Historic Sites 
,Office of Indigent Defense Services  
,NC International House 
,NC Institute of Medecine 
State Board,The North Carolina Interpreters & Transliterators Licensing Board 
State Board,NCknows is a service that allows North Carolina residents to get help from librarians and use their library resources remotely through a computer. NCknows is a pilot project supported by a grant under the Federally-funded Library Services and Technology Act (LSTA). The project is administered by the State Library of North Carolina in Raleigh with help from a committee of librarians and directors from North Carolina's libraries. 
,NC Dept of Labor 
,NC Generla Assembly  
Board Examiners,"North Carolina State Board of Examiners of Plumbing, Heating and Fire Sprinkler Contractors "
State Board,NC Lifetime Income - Members of the Teachers' and State Employees' Retirement System (TSERS) and Local Governmental Employees' Retirement System (LGERS) will have a one-time opportunity to transfer all or part of their NC 401(k) and/or NC Deferred Compensation (457) funds to the Retirement System in order to receive lifetime income at or after retirement. 
,NC Public Library 
,North Carolina League of Municipalities 
,the board of Marriage and family therapy of North Carolina 
State Board,The North Carolina Locksmith Licensing Board 
State Board,State of North Carolina Office of Information Technology Services 
,North Carolina Maritime Museum System 
Department Education,"North Carolina Highway Historical Marker Program, NC Department of Cultural Resources "
,NC Medical Board 
,NC Division of Medical Assistance 
Public Health,N.C. Office of Minority Health and Health Disparities 
,NC Motor fleet management 
Public Health,The N.C. Health Care Personnel Registry Section   
,Early Hearing Detection and Intervention Program (NC DHHS &gt; DPH &gt; WCH Section &gt; Children and Youth Branch) 
,The North Carolina Natural Heritage Program 
,"Established in 1987, the North Carolina Natural Heritage Trust Fund provided supplemental funding to select state agencies for the acquisition and protection of important natural areas, to preserve the state's ecological diversity and cultural heritage, and to inventory the natural heritage resources of the state. In July 2013, these key purposes were incorporated in the Clean Water Management Trust Fund enabling legislation and the NHTF statute was repealed. See historical snapshot at:  http://web.archive.org/web/20150129185256/http://www.ncnhtf.org/pages/aboutnhtf.htm  "
,North Carolina Office of Administrative Hearings 
,Welcome to the Grand Chapter of NC Order of the Eastern Star 
,NC OneMap is a public service providing comprehensive discovery and access to North Carolina's geospatial data resources. 
,"NC OneMap, a public service providing comprehensive discovery and access to North Carolina's geospatial data resources. "
State Board,he North Carolina State Board of Examiners in Optometry 
Public Health,"NC Physical Activity and Nutrition Branch (NC PAN), NC Department of Public Health See historical snapshot at: http://web.archive.org/web/20130128034822/http://www.ncpanbranch.com/  "
,NC ports  
,NC Progress Portal 
,nc psychology board 
Board Examiners,The North Carolina Board of Physical Therapy Examiners 
Department Education,"Historical Publications, North Carolina Office of Archives and History, Department of Cultural Resources -¬†www.ncpublications.com "
Public Health,North Carolina Division of Public Health 
,nc public schools 
Department Education,"Radiation Protection Section, NC Department of Health and Human Services "
Tourism Site,NC Radon Awarenes Site 
,"We serve the NC insurance industry by providing services and programs for automobile, property and workers compensation insurance. This site contains information for these types of insurance. "
,the North Carolina Respiratory Care   
,North Carolina Rural Electrification Authority 
Board Examiners,NC State Board of Environmental Health Specialist Examiners 
,nc report cards for schools 
,nc science and technology 
,NC School for the deaf 
State Board,NC State Employees Combined Campaign 
Public Health,North Carolina Seniors' Health Insurance Information Program (SHIIP) 
Department Education,"North Carolina Sickle Cell Syndrome Program, NC Department of Public Health "
Department Education,The North Carolina State Improvement Project (NC SIP ). NC SIP is a program in the Exceptional Children Division of the North Carolina Department of Public Instruction (NC DPI). 
,"Thank you for visiting ACCESSNC, your one-stop source for North Carolina economic data and site information. "
,"The Carolina Star Program is designed to recognize and promote effective safety and health management systems. In Star, management, labor and OSH establish a cooperative relationship at a workplace that has implemented a strong program. "
,NC state Fair 
,NC Stormwater and Runoff pollution site 
State Board,NC State Univ Extension  
State Board,North Carolina Social Work Certification and Licensure Board 
,NC Symphony 
Department Education,"Tobacco Free Schools, NC Department of Health and Human Services "
State Board,State of North Carolina Japan Office 
,NC-TOPPS homepage is now http://www.ncdhhs.gov/MHDDSAS/providers/NCTOPPS/index.htm. Entry still included here for nctopps.ncdmh.net pattern for pages such as https://www.google.com/search?q=site%3Anctopps.ncdmh.net. 
State Board,NC Office of State Personnel 
,NC Transportation Museum 
State Board,North Carolina Department of State Treasurer 
State Board,North Carolina Veterinary Medical Board 
,North Carolina's marketplace for discarded or surplus materials and products. 
,NC Division of Water Resources 
,North Carolina Division of Water Resources 
Department Education,"North Carolina Well Contractors Certification Commission - protects the public health and safety by ensuring the integrity and competence of well contractors through examination, certification, continuing education and enforcement. The Well Contractors Certification Unit is now part of the Department of Health and Human Services. "
,nc wildlife resource commission  
,"NC WiseOwl (NC Online Windows for Learning) has been providing online subscription resources for our schools since 1999.  Our mission is to ensure that all of our public and charter school students have access to a collection of online resources for use in research projects and homework assignments, without regard to the economic status of their local school system.  NC WiseOwl has three major strengths as an educational resource: "
Department Education,NC Zoo is an agency of the North Carolina Department of Natural and Cultural Resources 
,North Dakota League of Cities 
,Nevada Department of Wildlife 
Department Education,Nevada Department of Wildlife (NDOW) Licensing 
,North Dakota Recorders Information Network 
Travel Tourism,Travel and Tourism Site for North Dakota 
,Nebraska Ethanol Board 
,Nebraska AgRelations Council 
Department Transportation,Nebraska Association of Transportation Providers 
State Board,"Nebraska Arts Council. The Council is funded by the State of Nebraska, the National Endowment for the Arts, and the Nebraska Cultural Endowment. "
,Nebraska Corn Board 
,Nebraska Dry Bean Commission 
State Board,Nebraska State Historical Society 
State Board,Nebraska State Racing Commission 
,Nebraska Wheat Board 
Economic Development,Nebraska Department of Economic Development 
,Nebraska Lottery 
,Nevada Department of Transportation 
,The Nevada Judiciary 
Travel Tourism,Travel and Tourism Site for New Mexico 
Economic Development,Pennsylvania Department of Community & Economic Development 
,Nebraska Forest Service 
,NH Historical Society 
,NH Municipal Association 
,New Hampshire Lottery Commission 
,NH State Parks 
Economic Development,New Jersey Economic Development Authority 
Department Education,"Division of Fish and Wildlife, NJ Department of Environmental Protection "
,New Jersey State Library 
,New Jersey Surcharge Violation System (NJSVS) 
Department Education,Department of Labor and Workforce Development   
,New Mexico Lottery 
Public Health,New Mexico Environmental Public Health Tracking 
,"Special Supplemental Nutrition Program for New Mexico Women, Infants & Children "
Public Health,"Nutrition Services Branch, Women's and Children's Health, NC Division of Public Health, NCDepartment of Health and Human Services  "
Department Education,"Aging and Disability Services Division, Department of Health and Human Services, State of Nevada "
State Board,New York State Conference of Mayors and Municipal Officials (NYCOM) 
,New York Historical Society Museum and Library 
State Board,New York State Council on the Arts 
State Board,New York State eGovernment listing of state agencies 
,New York State Fair 
State Board,New York State Homes and Community Renewal 
State Board,New York State Local Government IT Directors Association (NYSLGITDA) 
State Board,New York State Police Recruitment Center 
,OK Corporation Commission 
,"Office of Hawaiian Affairs - 'Under the direction of nine trustees elected statewide, OHA has functioned operationally as both a government agency with a strong degree of autonomy, and as a trust.' "
,Ohio Bureau of Workers' Compensation 
,Ohio Humanities Council 
,Ohio Lottery 
,Ohio Recorders' Association 
,Oregon Historical Society 
,OK career tech website 
,OK dept of human services 
Department Education,"OKLibShare, Oklahoma Department of Libraries "
,OK LP Gas commission 
State Board,State of Virginia Olmstead Initiative 
,Ohio Municipal League 
,"Office of Land and Water Stewardship, a non-regulatory division within North Carolina's DENR that provides information and assistance to support effective conservation and resilient communities.  "
,Oregon Arts Commission 
,Oregon Governor's Office of Film and Television 
,Oregon Lottery 
,Oregon State Fair 
,"The Oklahoma Resources Integration General Information Network System (Origins) is an online database which contains economic, social, and demographic data intended for use by community leaders, educators, businesses, government agencies, and decision makers. "
State Board,Office of the State Bank Commissioner of Kansas 
State Board,OK State Court System 
State Board,Office of the Maryland State Prosecutor 
,North Carolina Division of Environmental Assistance and Customer Service   
,Commonwealth of Pennsylvania's media hub 
,Unified Judicial System of Pennsylvania 
,PA eHealth Partnership Authority 
,Pennsylvania FirstNet. See also http://www.ntia.doc.gov/sligp/pennsylvania.  
National Guard,Republic of Palau National Government 
,Palau Judiciary Branch 
State Board,Georgia State Defense Force public affairs office. Website mirrored on gasdf.com. Referenced on https://ga.ng.mil/Leadership/Georgia-State-Defense-Force/.
,South Dakota Parks & Wildlife Foundation 
State Board,PA State System of Higher Education 
,PA Patient Safety Authority 
,Pennsylvania Turnpike Commission 
Public Health,PA Health Care Cost Containment Council 
Department Education,PA Higher Education Assistance Agency 
,PA Higher Educational Facilities Authority 
,PA Housing Finance Agency 
State Board,"Pat Harrison Waterway District (PHWD), a Mississippi State Agency that provides camping, cabins and recreational facilities in Mississippi "
,South Carolina Ports Authority 
,The Port of Virginia 
State Board,Washington State Potato Commission 
State Board,"Alabama Historical Commission, State of Alabama Historic Preservation Office "
Department Education,"Queen Anne's Revenge, a project of the http://www.qaronline.org/ North Carolina Department of Cultural Resources to educate the next generation on colonial life "
State Board,"Uninsured Employers' Fund, State of Maryland "
State Board,OK State AG Econ at OSU 
Department Education,"Ready NC, NC Department of Public Safety "
,"Ready PA, Pennsylvania Emergency Management Agency "
,Washington Red Raspberry Commission 
State Board,The State Board of Refrigeration Examiners 
Department Education,Division of Vocational Rehabilitation - Florida Department of Education 
,Rhode Island Clean Water Finance Agency 
,Rhode Island Emissions and Safety Testing 
,Rhode Island Lottery 
Public Health,Rhode Island Public Utilities Commission 
,Rhode Island Turnpike and Bridge Authority 
,"Office of the President, Republic of the Marshall Islands "
State Board,"SafeMT, a resource of the Montana State Fund for safety in Montana's workplaces. "
Tourism Site,NC Safe Haven Law - Abandoned Infant Protection Law Site 
University Extension,"The website of the Virginia Center on Aging (VCoA), a statewide agency created by the Virginia General Assembly and housed at Virginia Commonwealth University in the School of Allied Health Professions. VCoA works to protect and improve the quality of life of older Virginians, so that they might remain interdependent and contributing members to life in Virginia. "
Public Health,"Santee Cooper, also known officially from the 1930s as the South Carolina Public Service Authority, is South Carolina's state-owned electric and water utility that came into being during the New Deal. "
State Board,New Mexico Office of the State Auditor 
,Save Water NC 
State Board,"Florida State Board of Administration, created by the Florida Constitution and is governed by a three-member Board of Trustees (Trustees), comprised of the Governor as Chair, the Chief Financial Officer and the Attorney General. "
State Board,Washington State Board for Community and Technical Colleges 
State Board,"State College Borough Water Authority, PA "
,SC dept of commerce 
,SC judicial courts 
,SC DMV 
,South Carolina Education Lottery 
,South Carolina Emergency Management Division 
,SC early childhood education program 
,SC Gov Mansion  
,SC govoners school for science and math 
,SC National Guard 
Department Education,"The State Council of Higher Education for Virginia (SCHEV) makes higher education public policy recommendations to the Governor and General Assembly in such areas as capital and operating budget planning, enrollment projections, institutional technology needs, and student financial aid. "
Department Education,"School Planning Section, North Carolina Department of Public Instruction "
,South Carolina Independent Living Council (SCILC) 
,South Carolina Independent Living Council (SCILC) 
,"The South Carolina EPSCoR/IDeA Program, CCCR COBRE, and the USC School of Medicine Instrumentation Resource Facility "
,SC malpractice patient compensation fund 
,South Carolina School for the Deaf and Blind 
,South Carolina Statewide Independent Living Council (SILC) 
,SC sec of state 
,South Carolina Department of Revenue 
,South Carolina Higher EducationTuition Grants Commission 
State Board,SC State Election Committee 
,SC Vocab Rehab 
,South Dakota Department of Transportation 
Economic Development,South Dakota Housing Development Authority 
,STATE EMPLOYEES ASSOCIATION OF NORTH CAROLINA 
,"Seeking Michigan, the online platform for the http://michigan.gov/mhc Michigan Historical Center. It includes http://www.michigan.gov/archivesofmi Archives of Michigan research guides and indexes, a blog, and educator resources&ndash;all from the Michigan Historical Center and Archives of Michigan staff. "
,Minnesota Senate 
Department Transportation,"Authorized Service Website for the Arizona Department of Transportation, Motor Vehicle Division "
State Board,Mississippi State Port Authority 
State Board,North Carolina State Health Plan for Teachers and State Employees 
,SLED (Statewide Library Electronic Doorway) 
Public Health,"State Laboratory of Public Health, NC Division of Public Health "
,"Science Museum of Virginia, located in Richmond, VA "
,NC Secretary Of State 
,south carolina arts commission 
,south carolina historical society 
Public Health,PA State Public School Building Authority 
State Board,"Susquehanna River Basin Commission -¬†The Susquehanna River Basin Compact, was signed into law on December 24, 1970. The Compact, as adopted by the Congress of the United States, and the legislatures of New York State, Pennsylvania and Maryland, provides the mechanism to guide the conservation, development, and administration of the water resources of the vast river basin. "
State Board,"Start Squad, kid's portal to the State Library of North Carolina "
,North Carolina's Justus-Warren Heart Disease and Stroke Prevention Task Force 
,"*state.ak.us pattern to include Alaska state agencies, such as those at: https://www.google.com/#q=site:state.ak.us  "
,"*state.al.us pattern to include Alabama state agencies, such as those at: https://www.google.com/#q=site:state.al.us  "
State Board,*state.ar.us pattern for State of Arkansas agencies 
,"*state.az.us pattern to include Arizona state agencies, such as those at https://www.google.com/#q=site:state.az.us.  "
,"*state.ca.us pattern to include California state agencies, such as those at: https://www.google.com/#q=site:state.ca.us  "
,"Included to find *.state.co.us pattern to find state websites, such as https://www.google.com/search?q=site%3Astate.co.us  "
,"*state.fl.us pattern to include Florida state agencies, such as those at: https://www.google.com/#q=site:state.fl.us   "
State Board,State of Ga website 
,State of Iowa 
,Pattern for *state.id.us websites 
,State of Illinois 
,state of  Indiana 
,Ky Website 
,State Library of Louisiana 
,Mass State Website 
State Board,"State website is at http://www.maryland.gov. state.md.us pattern to include Maryland state agencies, such as those at https://www.google.com/#q=site:state.md.us. "
,state of maine 
,state of michigan 
State Board,Minnesota.gov portal; 'electronic entry point to Minnesota State government information and services' 
,State of Mississippi 
,*.state.ne.us pattern to include several state agencies. 
,NH State Website 
,"http://www.state.nj.us/ and http://www.nj.gov both resolve to the same site. n*state.nj.us pattern to include New Jersey state agencies, such as those at: https://www.google.com/#q=site:state.nj.us  "
,State of New Mexico 
,State of Ohio 
,State of OK website 
State Board,"http://www.state.or.us/ resolves to a non-styled version of http://www.oregon.gov/  n*state.or.us pattern included here to find State of Oregon agencies, such as: https://www.google.com/search?q=site:state.or.us "
,State of SC  
State Board,South Dakota State Government Website 
,Official site of the Tennessee Government 
,The official website of the Commonwealth of Virginia 
,State of Vermont 
,State of Washington 
,"*.state.wi.us pattern is included here for various Department-level agencies, such as those at: https://www.google.com/search?q=site%3Astate.wi.us  Requires 'www' to resolve. "
State Board,State of Wyoming travel and tourism website 
,Nebraska State Fair 
,"Staten Island Borough President, New York, NY "
,NC Division of Surplus Property 
,NC sustainability connection 
,"Welcome to Teach4NC, dedicated to the recruitment of teaching professionals for public schools in North Carolina. "
,Tennessee Holocaust Commission 
,State Bar of Texas 
,Tennessee Foreign Language Institute 
Economic Development,Tennessee Housing Development Agency 
,kentucky cabinet of economic development 
,Texas Municipal Retirement System (TMRS)  
,Tennessee District Attorneys General Conference 
,Tennessee Emergency Management Agency 
,Lottery Tennessee 
,Tennessee National Guard 
,"Tennessee Vacation, the travel and tourism site for the state of Tennessee "
,Texas Parks and Wildlife magazine 
Travel Tourism,Travel and Tourism Site for Alaska 
Travel Tourism,Travel and Tourism Site for Iowa 
Travel Tourism,Travel and Tourism Site for Kansas 
Travel Tourism,Travel and Tourism Sites for Nevada 
Travel Tourism,Travel and Tourism Sites for Oklahoma 
Travel Tourism,"Travel and Tourism Site for Oregon, Oregon Tourism Commission "
Travel Tourism,Travel and Tourism Sites for South Dakota 
Travel Tourism,Travel and Tourism Sites for Texas 
Travel Tourism,Travel and Tourism Sites for Wisconsin 
,Nebraska State Treasurer 
,Washington Tree Fruit Research Commission 
State Board,Washington State Tobacco Settlement Authority 
,Texas Lottery 
University Extension,"University of Arkansas, Division of AgricultureResearch & Extension, University of Arkansas System Arkansas Cooperative Extension Service "
University Extension,University of Alaska Fairbanks Cooperative Extension Service 
,University of Idaho Extension 
Economic Development,U.S. Virgin Islands Bureau of Economic Research 
Economic Development,U.S. Virgin Islands Economic Development Authority 
,University of Vermont Extension 
,University of Wisconsin-Extension 
University Extension,University of Wyoming Cooperative Extension Service 
State Board,Virginia State Rehabilitation Council (SRC) 
,"The Virginia Association of Assessing Officers is a professional organization of assessors and appraisers from state and local governments throughout the Commonwealth. The organization's mission is to improve assessment standards, disseminate information on assessment practices, and provide continuing education to its members. "
State Board,Virginia Board for People with Disabilities 
,Virginia Commonwealth Neurotrauma Initiative (CNI) Trust Fund 
Department Education,Virginia Department for Aging and Rehabilitative Services 
Department Education,Virginia Department for Aging and Rehabilitative Services 
,Virginia Disability Services Agencies 
Department Education,Virginia Department of Fire Programs 
,Virginia Lottery 
,Virginia Statewide Independent Living Council 
,Virginia Assistive Technology System 
Department Education,Virginia Career Education Foundation is a non-profit organization that works to increase the number of qualified applicants available to fill technical positions throughout the Commonwealth of Virginia. 
Department Education,Virginia Department for the Blind and Vision Impaired 
Department Education,Virginia Department for the Deaf and Hard of Hearing (VDDHH) 
State Board,State of North Carolina's Vendor Registration 
,Vermont Arts Council 
,Vermont Historical Society 
Travel Tourism,Travel and Tourism Site for Vermont 
Economic Development,Virginia Housing Development Authority 
,Vermont Housing Finance Agency 
State Board,The Virginia Horse Industry Board is responsible for the promotion and economic development of the horse industry in Virginia and operates through the Virginia Department of Agriculture and Consumer Services. 
,"Virginia Industries for the Blind, Commonwealth of Virginia "
,Virgin Islands Department of Education 
,Office of the Virgin Islands Inspector General 
Department Education,U.S. Virgin Islands Police Department 
Travel Tourism,Travel and Tourism Sites for Virginia 
,Virginia College Savings Plan 
Economic Development,Virginia Economic Development Partnership's Ally Information Exchange 
,Virginia Department of Transportation 
,Virginia Resources Authority 
Travel Tourism,Travel and Tourism Site for California 
,California Welcome Centers 
Travel Tourism,Travel and Tourism Sites for Delaware 
Travel Tourism,Travel and Tourism Site for Florida 
Travel Tourism,Travel and Tourism Sites for Guam 
Travel Tourism,Travel and Tourism Site for Idaho 
Travel Tourism,Travel and Tourism Sites for Maine 
Travel Tourism,Travel and Tourism Site for Maryland 
Travel Tourism,Travel and Tourism Sites for Mississippi 
Travel Tourism,Travel and Tourism Site for Missouri 
Travel Tourism,Travel and Tourism Site for Montana 
Travel Tourism,Travel and Tourism Site for North Carolina 
Travel Tourism,Travel and Tourism Site for Nebraska 
Travel Tourism,Travel and Tourism Site for Pennsylvania 
Travel Tourism,Travel and Tourism Site for Rhode Island 
Travel Tourism,Travel and tourism site for the US Virgin Islands 
Travel Tourism,Travel and Tourism Site for Utah 
,Supreme Court of the United States Virgin Islands 
Department Education,"Viva Florida 500 is a statewide initiative led by the Florida Department of State, under the leadership of Governor Rick Scott, to highlight the 500 years of historic people, places and events in present-day Florida since the arrival of Juan Ponce de Leon to the land he named La Florida in 1513. See more at http://www.vivaflorida.org/About-Viva-Florida/ "
,"Virginia Museum of Natural History in Martinsville, VA "
,Florida Governor's Commission on Volunteerism and Community Service 
,"Volunteer Mississippi, A Mississippi Commission for Volunteer Service (MCVS) "
,North Carolina Commission on Volunteerism and Community Service 
,Virginia Rehabilitation Center for the Blind and Vision Impaired 
,Virginia Rural Water Association 
,Virginia State Bar 
,Vermont National Guard 
,Vermont Lottery 
,Washington Blueberry Commission 
,Washington Hardwoods Commission 
,Washington State Lottery 
State Board,Washington State Seed Potato Commission 
Travel Tourism,Travel and Tourism Site for the District of Columbia 
National Guard,Washington Air National Guard 
National Guard,Washington Army National Guard 
,Washington National Guard 
State Board,Washington State Wine Commission 
,Washington Association of Sheriffs and Police Chiefs 
State Board,"Waterparkin', a website of the Pat Harrison Waterway District (PHWD) a Mississippi State Agency that provides camping, cabins and recreational facilities in Mississippi. See historical snaphot at: http://web.archive.org/web/20101224004547/http://waterparkin.com/  "
,"The Way We Lived in North Carolina, presented by http://www.ah.dcr.state.nc.us/ The North Carolina Office of Archives & History. "
Department Education,State of Wisconsin Department of Financial Institutions 
University Extension,University of Rhode Island Cooperative Extension 
Economic Development,Washington Economic Development Finance Authority 
Public Health,"Women's Health Branch, NC Division of Public Health "
Economic Development,Wisconsin Housing and Economic Development Authority 
Department Education,Washington Higher Education Facilities Authority 
Department Education,Oklahoma Department of Wildlife Conservation - http://www.wildlifedepartment.com/  
,Wisconsin Lottery 
,Virgin Islands Lottery 
,Wisconsin Historical Society 
Public Health,Wisconsin State Public Defender's Office 
,Register of Deeds Association of Wisconsin 
State Board,"NC Dept of Health and Human services, division of State operated healthcare facilities "
State Board,Washington State Convention Center 
State Board,Washington State Commission on Pesticide Registration 
State Board,Washington State Housing Finance Commission 
State Board,Washington State School for the Blind 
,West Virginia Department of Agriculture 
,West Virginia Department of Commerce 
,West Virginia Division of Culture and History 
Public Health,West Virginia Department of Health and Human Resources 
Economic Development,West Virginia Housing Development Fund 
Department Education,West Virginia Higher Education Policy Commission 
Department Education,"West Virginia Department of Commerce, Division of Labor "
,West Virginia Lottery 
,West Virginia Network for Educational Telecomputing 
Public Health,West Virginia Consolidated Public Retirement Board 
,West Virginia State Parks 
State Board,West Virginia State Treasurer's Office 
Travel Tourism,Travel and Tourism Site for West Virginia 
Economic Development,West Virginia Water Development Authority 
National Guard,Montana Army National Guard 
,Wyoming Business Council 
Travel Tourism,Travel and Tourism Site for Wyoming 
State Board,"Virginia Economic Development Partnership. As a state authority, the Partnership is governed by a 25 member http://yesvirginia.org/AboutUs/BoardOfDirectors Board Of Directors comprised of businesspersons from around Virginia, each of whom is appointed by the http://www.governor.virginia.gov Governor and the General Assembly.  "
